name,category
2Dhydro,Acoustic
acoustics_motion_coupled,Acoustic
acoustics_sequential,Acoustic
Acoustic_source,Acoustic
Acoustic_source_forward,Acoustic
Acoustic_source_rotor,Acoustic
Acoustic_standing_wave,Acoustic
Acoustic_wave,Acoustic
Acoustic_wave_conjugate,Acoustic
Acoustic_wave_TimeStep,Acoustic
Acoustic_wave_water,Acoustic
Dron_Hyd_Acoustics,Acoustic
Hydrodynamicsource_grid,Acoustic
P6_Hydroturbine,Acoustic
P6_Hydroturbine_Fall,Acoustic
Vel_of_Sound_func,Acoustic
Vel_of_Sound_table,Acoustic
Wave_datchiki,Acoustic
adapt_gap_off,AdvancedSettings
disp_test2_AST,AdvancedSettings
disp_test2_TParFBSS,AdvancedSettings
DOM_FV_Template_2_debug_SZ,AdvancedSettings
NACA_KES_short_smooth_diff_flux_on,AdvancedSettings
Smooth_diff_fluxes_on,AdvancedSettings
Tube_explicit,AdvancedSettings
Tube_implicit,AdvancedSettings
Vell_off_all_processes,AdvancedSettings
Vel_off,AdvancedSettings
Vel_off_on_continue,AdvancedSettings
Vel_off_pressure_gradient,AdvancedSettings
BC_wall_Radiation_Equilibrium_P1_model,BoundaryCondition
BC_WALL_TRANSLATION,BoundaryCondition
BC_WALL_TRANSLATION_SLIP,BoundaryCondition
inlet_fixed_vel,BoundaryCondition
Inlet_mass_velosity,BoundaryCondition
Inlet_TotalPressure,BoundaryCondition
Inlet_VelocityWithPressure,BoundaryCondition
Inlet_velosity_with_pressure,BoundaryCondition
LamTube_WallSlip,BoundaryCondition
Nonreflection,BoundaryCondition
Outlet,BoundaryCondition
Outlet_fixed_vel,BoundaryCondition
Outlet_mass_velocity,BoundaryCondition
Outlet_propous,BoundaryCondition
Pressure_on_porous_surface,BoundaryCondition
Radiation_equlibrium_no_radiation_model,BoundaryCondition
Radiation_equlibrium_optic_thin,BoundaryCondition
Radiation_equlibrium_with_T_inf,BoundaryCondition
Symm_subson_totalpress,BoundaryCondition
TotalPres_and_velocity_vectors,BoundaryCondition
TotalPres_box,BoundaryCondition
TotalPres_dir_box,BoundaryCondition
TotalPres_dir_box_outlet,BoundaryCondition
TotalPres_dir_pipe_swirl,BoundaryCondition
wall_slip_with_temperature,BoundaryCondition
Wedge_Mach_direct,BoundaryCondition
Wedge_SupSon_Mach,BoundaryCondition
Wedge_SupSon_StaticPressure,BoundaryCondition
Wedge_SupSon_Velocity,BoundaryCondition
Wedge_SupSon_VelVector,BoundaryCondition
AxisSymmetric_Interpol,BoundaryCondition
BC_Combustion_Arrenius,BoundaryCondition
BC_Combustion_ArreniusMagnussen,BoundaryCondition
BC_Combustion_EDC,BoundaryCondition
BC_Combustion_Magnussen,BoundaryCondition
BC_Combustion_Zeldovich,BoundaryCondition
BC_ER,BoundaryCondition
BC_ER_45,BoundaryCondition
BC_MassFraction,BoundaryCondition
BC_MassFraction_45,BoundaryCondition
BC_Rot,BoundaryCondition
BC_Temp,BoundaryCondition
BC_Temp_45,BoundaryCondition
BC_Temp_f(x),BoundaryCondition
BC_Temp_table,BoundaryCondition
BC_Vel,BoundaryCondition
BC_Vel_45,BoundaryCondition
TableForBC_FixVel_CheckInterpol,BoundaryCondition
dP_22852-76351_2_vol2_null_diff_BCAvg_newBC,BoundaryCondition
Rotor_Peak_1_disp,BoundaryCondition
Rotor_Peak_1_mb,BoundaryCondition
Electric_Current_tube,BoundaryCondition
Electric_Current_tube_mb,BoundaryCondition
Plates_Electric_Current,BoundaryCondition
Inlet_MV_if,BoundaryCondition
Inlet_MV_linear,BoundaryCondition
Inlet_MV_pow,BoundaryCondition
Test_dvigatel,BoundaryCondition
BC-pressure-V,BoundaryCondition
BC_inlet_velocity,BoundaryCondition
BC_TotalPressure_and_VelocityDirection,BoundaryCondition
BC_vel_n_press_ss_dt,BoundaryCondition
Dispersed_boundary_conj_error,BoundaryCondition
Err_freeoutlet_Hypersonic_Ptot,BoundaryCondition
Err_freeoutlet_Hypersonic_Ptot_skew,BoundaryCondition
Full_T_P_absolute,BoundaryCondition
GU_Plenka_T_Potok_RRJ-95_FuselForePart_Cylinder,BoundaryCondition
Heat_Flux_Summ,BoundaryCondition
In_Comb_C0,BoundaryCondition
JIHT_test-Ptot,BoundaryCondition
lms_and_heat_exhange,BoundaryCondition
Nonreflect_BC,BoundaryCondition
Nozzle_fuel_on_nonreflective_boundary,BoundaryCondition
P_full_on_BC_error,BoundaryCondition
test_char-bc,BoundaryCondition
test_nonrefl_309,BoundaryCondition
Total_Pres_dir_pipe_swirl_right_direction,BoundaryCondition
tube_mass-vel_30905_100,BoundaryCondition
Box_in_PartedDomain_2_mb,BoundaryCondition
tube_mass_flow,BoundaryCondition
tube_mass_flow_disp,BoundaryCondition
tube_mass_flow_mb,BoundaryCondition
tube_mass_flow_outlet,BoundaryCondition
Dispersed_309_Bubbles_2D_Gravity_NEW,Dispersed
Dispersed_bubbles_ideal_pipe,Dispersed
Dispersed_Bubbles_zero_buoyancy,Dispersed
Dispersed_Bubles_2D_Gravity_no_Cd,Dispersed
Carcass3322,Dispersed
Carcass_Disp_thermal_cond_phase_transfer,Dispersed
Carcass_F_mu_Cp_gas_T200,Dispersed
Carcass_F_mu_Cp_liquid_T200,Dispersed
Carcass_heat_from_water_phase_volume_0_4,Dispersed
Carcass_heat_from_water_phase_volume_0_4_coefficient_from_interface,Dispersed
Carcass_polinom_liquid_T200,Dispersed
Carcass_Water_heat_from_volume_0_4_from_interface,Dispersed
Carcass_water_heat_transfer,Dispersed
Carcass_Water_heat_transfer_from_interface,Dispersed
Carcass_Water_no_motion_heat_transfer_from_interface,Dispersed
Coal_1D_balances_TEST_MULTI_DISP_4_EQ_GR,Dispersed
Coal_1D_balances_TEST_TUTORIAL,Dispersed
Drops_decay_KHRT,Dispersed
Drops_decay_KHRT_g,Dispersed
Drops_decay_KHRT_g_CD2,Dispersed
Drops_decay_KHRT_g_CD3,Dispersed
Drops_decay_KHRT_g_CD4,Dispersed
Drops_decay_KHRT_g_CD5,Dispersed
Drops_decay_KHRT_Hiroyasu,Dispersed
Drops_decay_KHRT_many_processes,Dispersed
Drops_decay_KHRT_many_processes_combustion,Dispersed
Drops_decay_KHRT_many_processes_KEAKN,Dispersed
Drops_decay_KHRT_many_processes_KEFV,Dispersed
Drops_decay_KHRT_many_processes_KEQ,Dispersed
Drops_decay_KHRT_many_processes_KES_mixing,Dispersed
Drops_decay_KHRT_many_processes_SA,Dispersed
Drops_decay_KHRT_many_processes_Sm,Dispersed
Drops_decay_KHRT_many_processes_SST,Dispersed
Drops_decay_KHRT_MW,Dispersed
Drops_decay_RD,Dispersed
Drops_decay_RD_Weber12,Dispersed
Drops_decay_RD_Weber60_st,Dispersed
Drops_decay_sliding,Dispersed
Drops_decay_WAVE,Dispersed
Drops_decay_WAVE_small_r,Dispersed
Drops_no_decay_We_5_99,Dispersed
Particles_on_permeable_wall_decay,Dispersed
Particles_on_symmetry_decay,Dispersed
Particles_on_Wall_Ablation_decay,Dispersed
Particles_on_Wall_decay,Dispersed
Periodic_and_dispersed_decay,Dispersed
Dispersed_Inflow_Outflow,Dispersed
Disp_additive_force,Dispersed
0_diam_0_particles,Dispersed
0_diam_0_particles2,Dispersed
carcass_tisey_temp,Dispersed
Cniimash_china_water_last_step,Dispersed
Dispersed_massflow,Dispersed
Dispersia_MB_fail,Dispersed
Disp_fall,Dispersed
Disp_fall_skew,Dispersed
Disp_fluid_no_surf_tension,Dispersed
Drops_no_masstransfer_fall,Dispersed
Drops_small_concentration,Dispersed
Drops_test,Dispersed
Drops_vel_near_outlet,Dispersed
Error_no_disp_Nu,Dispersed
evaporation_check_DispMassFlow,Dispersed
FilmMotionCrash,Dispersed
Fullconj_liquid5,Dispersed
Group_with_zero_volume_fraction,Dispersed
Icing_time_with_no_icing,Dispersed
Icing_with_DoubleSliding_Naca,Dispersed
Injected_DieselDroplets,Dispersed
Lam_tube_exp,Dispersed
Massflow_of_groups,Dispersed
NACA23012,Dispersed
ParticleError,Dispersed
Particles_moving_body,Dispersed
Particles_moving_body_skew,Dispersed
qq__test0_2D_polydisp_Vd-in-mass,Dispersed
Sector_dispersed_crash,Dispersed
Termik_1D_test_dispers,Dispersed
Disp_massTransfer_without_moving,Dispersed
Particles_vapor_Sh1_F1,Dispersed
Particles_vapor_Sh1_F1_diff_vel,Dispersed
Particles_vapor_Sh1_F1_equiliprium,Dispersed
Particles_vapor_Sh1_F2,Dispersed
Particles_vapor_Sh1_F2_equilibrium,Dispersed
Particles_vapor_Sh1_F3,Dispersed
Particles_vapor_Sh1_F3_equilibrium,Dispersed
Particles_vapor_Sh1_F4,Dispersed
Particles_vapor_Sh1_F4_equilibrium,Dispersed
Particles_vapor_Sh1_F5,Dispersed
Particles_vapor_Sh1_F5_equilibrium,Dispersed
Particles_vapor_Sh2_F1,Dispersed
Particles_vapor_Sh2_F1_diff_vel,Dispersed
Particles_vapor_Sh2_F2,Dispersed
Particles_vapor_Sh2_F3,Dispersed
Particles_vapor_Sh2_F4,Dispersed
Particles_vapor_Sh2_F5,Dispersed
Drops_fuel_evaporation,Dispersed
Drops_Slide,Dispersed
Kerosene_2D_1000mkm_Zeldovich_KHRT,Dispersed
Kerosene_2D_50mkm_Zeldovich,Dispersed
Kerosene_2D_50mkm_Zeldovich_1product,Dispersed
Kerosene_2D_50mkm_Zeldovich_1product_without_alpha,Dispersed
TEST_MULTI_DISP_0_15min_Drop_Mass_Energ_Bal_IMPL_2_EQ_GR_1D,Dispersed
TEST_MULTI_DISP_1_Night_Drop_Mass_Energ_Bal_IMPL_5_EQ_GR_1D,Dispersed
TEST_MULTI_DISP_2_WeekEnd_Drop_Mass_Energ_Bal_IMPL_3_DIFF_GR,Dispersed
TEST_MULTI_DISP_3_Night_Cyl_Betta_Calc_KE_YP_1160_2_EQ_GR_2D,Dispersed
TEST_MULTI_DISP_4_WeekEnd_Cyl_Betta_Calc_KE_YP_1160_5_DIFF_GR_2D,Dispersed
ParticlesBox_Cd_model1,Dispersed
ParticlesBox_Cd_model1_d_1e-7_Expl,Dispersed
ParticlesBox_Cd_model1_skew,Dispersed
ParticlesBox_Cd_model2,Dispersed
ParticlesBox_Cd_model3,Dispersed
ParticlesBox_Cd_model3_Re_more_1000,Dispersed
ParticlesBox_Cd_model4,Dispersed
ParticlesBox_Cd_model5,Dispersed
ParticlesBox_g_Implicit_new,Dispersed
ParticlesBox_Nu1_and_heattrasfer_coeff,Dispersed
ParticlesBox_Nu2_and_heattrasfer_coeff,Dispersed
ParticlesBox_Nu_model1,Dispersed
ParticlesBox_Nu_model2,Dispersed
ParticlesBox_V_Explicit_new,Dispersed
ParticlesBox_V_Explicit_new_2nd_order,Dispersed
ParticlesBox_V_Implicit_2nd_order_KEAKN,Dispersed
ParticlesBox_V_Implicit_2nd_order_KEFV,Dispersed
ParticlesBox_V_implicit_2nd_order_KEQ,Dispersed
ParticlesBox_V_Implicit_2nd_order_KES,Dispersed
ParticlesBox_V_Implicit_2nd_order_SA,Dispersed
ParticlesBox_V_Implicit_2nd_order_SST,Dispersed
ParticlesBox_V_Implicit_new,Dispersed
ParticlesBox_V_Implicit_new_2nd_order,Dispersed
ParticlesBox_V_Implisit_2nd_order_Sm,Dispersed
Particles_moving_with_fluid_balance,Dispersed
Particles_on_permeable_symmetry,Dispersed
Particles_on_permeable_wall,Dispersed
Particles_on_symmetry,Dispersed
Particles_on_Wall,Dispersed
Particles_on_Wall_Ablation,Dispersed
Particles_on_Wall_skew,Dispersed
Particles_V_45_implicit_new,Dispersed
Particles_with_Cd_on_wall,Dispersed
Periodic_and_dispersed,Dispersed
TEST_CRYST_0_15min_Disp_Cryst_Plate_No_Evap_No_VOF_CFL_2D,Dispersed
TEST_CRYST_1_15min_Disp_Cryst_Plate_No_Evap_VOF_CFL_05_2D,Dispersed
TEST_CRYST_2_Night_Disp_Cryst_Dry_Cyl_Betta_Calc_KE_YP_1160_2D,Dispersed
TEST_CRYST_3_Night_Disp_Cryst_Dry_Cyl_KE_YP_1160_2D,Dispersed
TEST_CRYST_4_Night_Disp_Cryst_Wet_Cyl_KE_STEV_YP_1045_2D,Dispersed
TEST_CRYST_5_WeekEnd_Disp_Cryst_Wet_NACA0012_RUN404_Betta_Calc_KE_YP_675_2D,Dispersed
TEST_CRYST_6_Night_Disp_Cryst_Dry_NACA0012_RUN425_KE_YP_740_2D,Dispersed
TEST_CRYST_7_Night_Disp_Cryst_Wet_NACA0012_RUN_308_KE_YP_655_2D,Dispersed
TEST_CRYST_8_WeekEnd_Disp_Cryst_Wet_NACA0012_RUN308_KE_CONDADAPT_YP_360_2D,Dispersed
TEST_CRYST_9_WeekEnd_Disp_Cryst_Wet_Sphere_KE_CONDADAPT_YP_660_2D,Dispersed
TEST_FILM_0_15min_Cyl_Disp_Fall_Film_Motion_Calc_KE_YP_875_2D,Dispersed
TEST_FILM_1_Night_45_plate_G_Film_Motion_2D,Dispersed
TEST_Film_2_Night_SrfTns_Rivulets_005kgms_5deg,Dispersed
TEST_FILM_3_Night_RotaryCylWall_1_CAndK_Forces_IdealAir_NoG,Dispersed
TEST_FILM_4_Night_RotaryCylWall_2_CAndK_Forces_RealAir_G,Dispersed
TEST_FILM_5_Night_RotaryCylFace_CAndK_Forces_IdealAir_NoG,Dispersed
Sliding_Dispersed_InletPhaseVolume,Dispersed
Sliding_Dispersed_InstantPhaseVolume,Dispersed
Dispersed_supersonic_jet,Dispersed
Dispersed_supersonic_jet_evaporation,Dispersed
Velocity_of_Particles_near_wall,Dispersed
Disp_conveyor,Dispersed
Particles_Force_Box_Contact_Cd_small,Dispersed
Particles_Force_Box_Contact_noCd,Dispersed
Particles_Force_Box_Permeable_noCd,Dispersed
bassein_disk_04,DLL
cosinus_BC,DLL
cosinus_BC2,DLL
cosinus_IniValue,DLL
disc_VoF,DLL
evaluator_glo_tube,DLL
sinus_BC,DLL
sinus_BC_newVS,DLL
sinus_IniValue,DLL
sinus_TimeStep,DLL
sinus_UserValue,DLL
sinus_UserValue_PostProcessor,DLL
UserBinder_Error,DLL
WaveGenerator_direct_wave_with_an_object,DLL
Arc_conj_root_EHD,EDH
Arc_root_cons_POT,EDH
Current_theory_basic,EDH
Current_theory_pot_drop_const,EDH
Current_theory_pot_drop_table,EDH
Expand_characteristics,EDH
zero_dens_after_adapt_dehn,EDH
DEHN_TEST,EDH
EHDplates,EDH
jouleheat,EDH
Lorentz_force_theory_air,EDH
Magnetism_n,EDH
Magnetism_t,EDH
Arc_conj_root,EDH
Dens_dep_of_Cur,EDH
Hartmann,EDH
Hartmann_ExcludePotentialEquation,EDH
MGD_ErrorCheckCell,EDH
rod,EDH
WaterBox_g,FreeSurface
WaterBox_V,FreeSurface
WaterBox_V_45,FreeSurface
WaterBox_V_45_45,FreeSurface
WaterBox_V_45_skew,FreeSurface
WaterBubble_g,FreeSurface
WaterBubble_InAir,FreeSurface
WaterBubble_InAir_WaterLevel,FreeSurface
WaterBubble_InVacuum,FreeSurface
WaterBubble_InVacuum_WaterLevel,FreeSurface
WaterBubble_V,FreeSurface
Capillar_1Phase_hst,FreeSurface
Capillar_2Phase_hst,FreeSurface
Channel_2VoF,FreeSurface
Channel_moving_body_after_VoF,FreeSurface
Channel_moving_body_before_VoF,FreeSurface
Channel_moving_body_before_VoF2,FreeSurface
Channel_VoF,FreeSurface
2Dnozzle_water02_err,FreeSurface
2d_bottom-nozle,FreeSurface
2d_bottom-nozle_air-air-VoF,FreeSurface
6V-supp,FreeSurface
Boat30904,FreeSurface
bochka_3_09_05_fall_vof,FreeSurface
bochka_test_characters,FreeSurface
Drops_no_process,FreeSurface
drop_in_VoF_no_process,FreeSurface
free_surf_fall,FreeSurface
goroh2,FreeSurface
hnd_ng,FreeSurface
hng_ng_implicit_new_err,FreeSurface
KENDA_new_region4_short_meshtesting,FreeSurface
LOGO_1Phase,FreeSurface
LOGO_1_Phase_with_drops,FreeSurface
Logo_noliquid,FreeSurface
Probksup2test,FreeSurface
ptest_2d,FreeSurface
RKK17_RErr,FreeSurface
RKK_volna,FreeSurface
SandAndWaterVOF,FreeSurface
Smart_air_entrapment_test12_err,FreeSurface
Start_Toyota,FreeSurface
test_conj_VOf,FreeSurface
TetraPak_shell,FreeSurface
Tire_2_5_mm_bad_cell,FreeSurface
Toyota30904_0to100,FreeSurface
Toyota30904_TS695,FreeSurface
Toyota363TS,FreeSurface
ToyotaLayerError15TS,FreeSurface
Toyota_Simple_480_fall,FreeSurface
TireTemplate,FreeSurface
TT_FV_2Phases_new_Rot,FreeSurface
tube_drop_var1_correct,FreeSurface
VOFandParticles_mass_transition,FreeSurface
VOF_2model_fail,FreeSurface
vof_char,FreeSurface
VOF_disp_error,FreeSurface
vof_razval,FreeSurface
water-vacuum,FreeSurface
Wave_shear_stress,FreeSurface
Wave_SurfTension_5000,FreeSurface
Colimn_static_1Phase_mb,FreeSurface
Colimn_static_2Phases_mb,FreeSurface
Column_1Phase,FreeSurface
Column_1Phase_hst,FreeSurface
Column_2Phases,FreeSurface
Column_2Phases_hst,FreeSurface
Column_dynamic_1Phase,FreeSurface
Column_dynamic_1Phase_hst,FreeSurface
Column_dynamic_2Phases,FreeSurface
Column_dynamic_2Phases_hst,FreeSurface
Column_inclined_1Phase,FreeSurface
Column_inclined_1Phase_hst,FreeSurface
Column_inclined_1Phase_reverse,FreeSurface
Column_inclined_1Phase_reverse_drops,FreeSurface
Column_inclined_2Phases,FreeSurface
Column_inclined_2Phases_hst,FreeSurface
Column_inclined_2Phases_reverse,FreeSurface
Column_static_1Phase,FreeSurface
Column_static_2Phase,FreeSurface
Column_static_2Phase_hst,FreeSurface
Column_static_hst_1Phase,FreeSurface
CornerBottom_1Phase,FreeSurface
CornerBottom_1Phase_hst,FreeSurface
CornerBottom_2Phases,FreeSurface
CornerBottom_2Phases_hst,FreeSurface
disk_vof1,FreeSurface
STension_Drop2D_1phase_45deg_small,FreeSurface
STension_Drop2D_1phase_free_small,FreeSurface
STension_Drop2D_2phases_45deg_small,FreeSurface
STension_Drop2D_2phases_free_small,FreeSurface
Form_of_drop,FreeSurface
GrSigma_0_15min_MarangConv_2D_fix_SG_Vol,FreeSurface
GrSigma_1_Night_MarangConv_2D_fix_SG_Surf,FreeSurface
Inlet_1Phase_30,FreeSurface
Inlet_2Phases_30,FreeSurface
MassCons_Inlet_1Phase,FreeSurface
MassCons_Inlet_1Phase_Gap,FreeSurface
MassCons_Inlet_1Phase_VoF_0_9,FreeSurface
MassCons_Inlet_2Phases,FreeSurface
MassCons_Inlet_2Phases_Gap,FreeSurface
MassCons_Inlet_2Phases_VoF_0_9,FreeSurface
Bidon_a1,FreeSurface
CoandtEffect,FreeSurface
Fountain_2d,FreeSurface
FreeJet,FreeSurface
SeparatedJet,FreeSurface
SeparatedJet_skew,FreeSurface
SimpleJet_2d,FreeSurface
SimpleJet_2d_45,FreeSurface
SimpleJet_2d_Turb,FreeSurface
SimpleJet_3d,FreeSurface
SimpleJet_3d_45,FreeSurface
SimpleJet_3d_45_45,FreeSurface
VerticalJet,FreeSurface
MovingWall_1Phase,FreeSurface
MovingWall_1Phase_30,FreeSurface
MovingWall_2Phases,FreeSurface
MovingWall_2Phases_30,FreeSurface
MovingWall_2Phases_3Substances,FreeSurface
VoF_near_moving_wall,FreeSurface
Vof_near_moving_wall_1Phase30,FreeSurface
VoF_near_moving_wall_2Phase,FreeSurface
VoF_near_moving_wall_2Phase30,FreeSurface
pipe_water_air,FreeSurface
Tank_AxialRotaion_RegionRot_w10,FreeSurface
Tank_AxialRotaion_w10,FreeSurface
Tutorial35-VOF,FreeSurface
TwoFluids_VOF,FreeSurface
TEST_VOF_1_DISP_PENETR_15min_m_dot_disp_sand_1000,FreeSurface
TEST_VOF_2_SRCDISP_15min_m_dot_disp_water_drops_1000,FreeSurface
TEST_VOF_3_SRCUSER_CC_15min_m_dot_user_1000,FreeSurface
TEST_VOF_4_SRCUSER_CV_nigth_m_dot_user_1000,FreeSurface
VoF1Phase_Heat,FreeSurface
VoF1Phase_Heat2,FreeSurface
VoF_gases,FreeSurface
water_air_max_velocity,FreeSurface
GravWave,FreeSurface
Wave,FreeSurface
Wave_1Phase,FreeSurface
Wave_1Phase_3D,FreeSurface
Wave_1Phase_Heat,FreeSurface
Wave_1Phase_mass_transfer,FreeSurface
Wave_1Phase_NN_BC,FreeSurface
Wave_1Phase_NN_BC_Heat_turb_OBL,FreeSurface
Wave_1Phase_NN_HB,FreeSurface
Wave_1Phase_NN_PL,FreeSurface
Wave_1Phase_OBL,FreeSurface
Wave_1Phase_Turb,FreeSurface
Wave_1Phase_Turb_ExpL,FreeSurface
Wave_1Phase_Turb_KEAKN,FreeSurface
Wave_1Phase_Turb_KEFV,FreeSurface
Wave_1Phase_Turb_KEQ,FreeSurface
Wave_1Phase_Turb_OBL,FreeSurface
Wave_1Phase_Turb_SA,FreeSurface
Wave_1Phase_Turb_Sm,FreeSurface
Wave_1Phase_Turb_SST,FreeSurface
Wave_2Phases,FreeSurface
Wave_2Phases_3D,FreeSurface
Wave_2Phases_Heat,FreeSurface
Wave_2Phases_Heat_Turb_KES_prop_variation,FreeSurface
Wave_2Phases_mass_transfer,FreeSurface
Wave_2Phases_NN_BC,FreeSurface
Wave_2Phases_NN_HB,FreeSurface
Wave_2Phases_NN_PL,FreeSurface
Wave_2Phases_OBL,FreeSurface
Wave_2Phases_Turb,FreeSurface
Wave_2Phases_Turb_Expl,FreeSurface
Wave_2Phases_Turb_KEAKN,FreeSurface
Wave_2Phases_Turb_KEFV,FreeSurface
Wave_2Phases_Turb_KEQ,FreeSurface
Wave_2Phases_Turb_OBL,FreeSurface
Wave_2Phases_Turb_SA,FreeSurface
Wave_2Phases_Turb_Sm,FreeSurface
Wave_2Phases_Turb_SST,FreeSurface
Weir,FreeSurface
AGARD_0499,FSI
APM_Heat_3,FSI
Bak_Mappin_Check,FSI
Brick,FSI
Brick_CSE,FSI
Cyl_VOF_43807,FSI
flutter_air_V370_P5e4_nd_2nodes,FSI
OneValveCSE_Error,FSI
OneValveCSE_mapping_Loads,FSI
test_loadings7,FSI
test_loadings_Ansys,FSI
test_loadings_Ansys_triangles,FSI
test_loadings_geom_from_interface2,FSI
test_loadings_heat_flux,FSI
test_loadings_inp,FSI
test_loadings_inp_triangles,FSI
test_loadings_mesh_and_vtk,FSI
test_loadings_mesh_and_vtk_triangles,FSI
test_loadings_nastran,FSI
test_loadings_nastran_triangles,FSI
test_loadings_ngeom,FSI
test_loadings_no_heat_transfer,FSI
test_loadings_no_movement,FSI
test_loadings_n_geom_triangles,FSI
test_loadings_save_by_iter,FSI
test_loadings_save_by_time,FSI
test_loadings_Star_CD,FSI
test_loadings_Star_CD_triangles,FSI
test_loadings_tetra_triangles,FSI
test_loadings_vrml_stl,FSI
test_loadings_vrml_stl_triangles,FSI
Ttest_loadings_tetra,FSI
Valve_Channel_CSE,FSI
Valve_Channel_DC,FSI
Valve_Channel_loadings_mapping_P,FSI
Valve_restart_err,FSI
Valve_Channel_healing,FSI
Valve_Channel_mapping,FSI
Valve_Channel_standard,FSI
Wing_Geom_Mapping,FSI
TireTemplate_debug_continue,FSI
_test_supergroup_export,FSI
AmdReduced_gap,Gap
GapNOturbul_implicit_consumption,Gap
Gap_channel,Gap
Gap_channel_NN_BC,Gap
Gap_channel_NN_HB,Gap
Gap_channel_NN_PL,Gap
Gap_EffectiveViscosity,Gap
Gap_EffectiveViscosity_f(x),Gap
Gap_EffectiveViscosity_table,Gap
Gap_KEAKN_Re_1000,Gap
Gap_KEFV_Re_1000,Gap
Gap_KEQ_Re_1000,Gap
Gap_KES_Re_1000,Gap
Gap_KES_Re_1000_effective_Viscosity,Gap
Gap_KES_Re_2000,Gap
Gap_L-shaped_cell_velocity_rise,Gap
Gap_Re_1000_no_turb,Gap
Gap_Re_1000_no_turb_effective_Viscosity,Gap
Gap_SA_Re_1000,Gap
Gap_sm_Re_1000,Gap
Gap_SST_Re_1000,Gap
Gap_T-shaped_cell_velocity_rise,Gap
gradP_angle50,Gap
PlateChannel_45_Gap,Gap
PlateChannel_Gap,Gap
box-1d_test,Grid
bad_mesh,Grid
box-2d_test,Grid
sector-2d_test,Grid
06_Plate2D_45_turb,Grid
2d_with_adapt_by_condition,Grid
30mln_err1,Grid
adapt3_assembly,Grid
Adapt_2subreg,Grid
Adapt_after_moving_body,Grid
Adapt_by_curv,Grid
Adapt_by_sharp_edges,Grid
adapt_test_31204,Grid
BentPipe_round_Re1e6_grid,Grid
Boat_Grid,Grid
double_disp,Grid
CheckError_AdaptBoundsRippleWithSGA_EHD,Grid
cone_vel01_11,Grid
edge_curve_err,Grid
grid_layer_negative_value_fail,Grid
Grid_test_2D,Grid
KBP_979_12adapt,Grid
part2_2paral,Grid
part2_adp,Grid
part2_box_rasadapt_movingbody,Grid
part2_impobjadp,Grid
part2_impobjrasadapt_movingbody,Grid
part2_impobj_doadapt,Grid
part2_impobj_surfadapt,Grid
part2_lra_pra_iora,Grid
part2_lra_pra_mb,Grid
part2_lsa_psa_iosa_bsa_mb,Grid
part2_lsra_psra_bsra_iosra_mb,Grid
part2_rasadp,Grid
part2_sa_ba_ioa_mb,Grid
part2_sa_pa_la,Grid
part2_sra_bsra_iosra,Grid
part2_surfadapt,Grid
setka_7_adapt,Grid
table_adaptation_level,Grid
test_tube,Grid
adapt_condition_init_wall_distane,Grid
RAE_adapt_to_solution,Grid
Adapt_solution_value,Grid
adapt_sol_1subregion_cont_error,Grid
adapt_trans1,Grid
adapt_V_by_value,Grid
anomaly_press_error,Grid
fail_0_subregion_factor,Grid
merge_from_KF,Grid
mixer_adaptation_grad_P_fail,Grid
compressor_new_version,Grid
compressor_new_version_continue,Grid
08_NACA0012_a8_M03,Grid
B_02_grid,Grid
DT_grid,Grid
Klein,Grid
melnica_1,Grid
nokia_test_111,Grid
Sa_Ljulka_blade,Grid
SCTB_5_gr1,Grid
spiral_cyl,Grid
test-W1-02,Grid
Yaga_Grid,Grid
Yaga_Grid_skew,Grid
A-19_test_mesh,Grid
Basso-motor-noinlet-sector,Grid
bsh4GridErrorTS6920,Grid
Buiild_grid_test,Grid
Car1_mesh,Grid
Car2_mesh,Grid
Car3_mesh,Grid
Car4_mesh,Grid
catapulta,Grid
city_bedroom_test2,Grid
cooler_mesh,Grid
DLR_F4_mesh_test,Grid
DLR_F6_0_1_new,Grid
DVS_FV_Comb,Grid
DVS_FV_Comb_insert-mb,Grid
err_geom,Grid
formula3_mesh_test,Grid
HM-1000_03_0,Grid
hnd_mesh_test,Grid
KCS_Grid,Grid
KI3_supp_30905,Grid
MCD_16_grid,Grid
mesh_err,Grid
model-conj_VoF_30804_Ttop-Q,Grid
motor_grid_test,Grid
NACA_2_lam_turb_trans_grid,Grid
o_s_Test3,Grid
o_s_Test3_skew,Grid
PlateValve_Grid,Grid
TireTemplate,Grid
RKK_grid_test,Grid
Rotate_test_grid,Grid
Shell,Grid
suhovassert_wo_phase,Grid
tank_test_mesh,Grid
TC-Casing-1,Grid
test_01,Grid
Toyota_test_mesh,Grid
valve_ball_up_grid,Grid
yaht_adapt,Grid
11_test1,Grid
2Spheres_OBL_on_1BC,Grid
2Spheres_OBL_on_2BC,Grid
2Sphere_OBL_on_2BC_max_level_limitation,Grid
BoatSymm_OblErr,Grid
CheckErr_OBL_katamaran,Grid
Cone_OBL_reverse,Grid
Conjugate_Convection,Grid
Cylinder_turb_OBL,Grid
DLR_F4_4_OBL_fall,Grid
DLR_OBL,Grid
ErrorOBLsection1,Grid
ERRoRR,Grid
2Spheres_OBL_on_1BC,Grid
2Spheres_OBL_on_2BC,Grid
2Sphere_OBL_on_2BC_max_level_limitation,Grid
Cylinder_lam_heat_Re10_OBL,Grid
DRhoDPDiff,Grid
hyper309_new_sheme,Grid
NACA0012_T_stagation_drho_dp,Grid
NACA0012_T_stagnation_f(pt),Grid
NACA0012_T_stagnation_table(pt),Grid
Periodic_OBL_liquid,Grid
Plate_Lam_OBL,Grid
Plate_Lam_OBL_15,Grid
Plate_Turb_k-e_OBL,Grid
Plate_Turb_k-e_OBL_bradshaw,Grid
Plate_Turb_KEAKN_OBL,Grid
Plate_Turb_KEQ_OBL,Grid
Plate_Turb_SA_OBL,Grid
Plate_Turb_SST_OBL,Grid
Turb_kes_turn_on,Grid
Wave_1Phase_Turb_OBL,Grid
Wave_2Phases_Turb_OBL,Grid
hyper309_new_sheme,Grid
hyper309_new_sheme_first_order,Grid
hyper309_old_sheme,Grid
hyper309_old_sheme_1st_order,Grid
h_6-6-3m_11_AKN_Gr05_graP_309,Grid
Klein1,Grid
KTRV0_OBL,Grid
M465_20180730_PD_1_J_050_forSupport,Grid
MakimNofictiveObl,Grid
MCD_24deg_SA_OBL,Grid
mebius,Grid
NACA0012_SA_RE5e6_M0_2_0d,Grid
NACA0012_SA_RE5e6_M0_2_0d_copy,Grid
Neo_low_res,Grid
2D_OBL_continue,Grid
Lam_tube_OBL,Grid
Mixer_test_OBL,Grid
obl_build_error,Grid
obl_build_error_2,Grid
obl_build_error_3,Grid
T3A_KEFV_1_OBL,Grid
OBL_1_mpi,Grid
OBL_boat_continue,Grid
obl_build_error_4,Grid
OBL_continue,Grid
OBL_turb_model_change,Grid
OBL_VectorLayer_Err,Grid
OBL_vectors,Grid
ONERA_OBL,Grid
Periodic_OBL_liquid,Grid
rae_5deg_vsplesk,Grid
Sphere,Grid
SupportKB_frozenRotorOBL_error,Grid
TubeLam_test_OBL_fall,Grid
WaterPool,Grid
Weir_electrodynamic,Grid
Weir_OBL_2,Grid
melnica_sliding,Grid
sektor_ulitka_MaxGauss,Grid
ship_propeller,Grid
SV2Dver1,Grid
Small_Cells_2phase,Grid
test_err_grid,Grid
AMDGapProbl,HeatTransfer
3Boxes_1Model,HeatTransfer
3Boxes_1Model_gap,HeatTransfer
3Boxes_1Model_GapEff,HeatTransfer
3Boxes_3Model,HeatTransfer
3Boxes_3Models_GapEff,HeatTransfer
3Boxes_3Models_GapEff_f(X),HeatTransfer
3Boxes_3Models_GapEff_Table,HeatTransfer
3Boxes_3Models_GapEff_turb_KES,HeatTransfer
3Boxes_3Model_Gap,HeatTransfer
Bulka,HeatTransfer
Conj_Conduction_Smooth,HeatTransfer
MassTransfer_Conduct,HeatTransfer
MassTransfer_Conduct_SubProp_table,HeatTransfer
MassTransfer_Conduct_SubProp_table_skew,HeatTransfer
Channel_Confuse,HeatTransfer
Conj_Ball,HeatTransfer
DiffConvHeat_1D,HeatTransfer
DiffConvHeat_1D_45,HeatTransfer
DiffConvHeat_1D_Periodic,HeatTransfer
DiffConvHeat_1D_Periodic_45,HeatTransfer
DiffConvHeat_1D_VoF,HeatTransfer
DiffConvHeat_2D,HeatTransfer
DiffConvHeat_3D,HeatTransfer
DiffConvHeat_3D_FullConj,HeatTransfer
DiffConvHeat_3D_Sliding,HeatTransfer
ConvectiveHeatTransfer_1D,HeatTransfer
DEN_Err,HeatTransfer
DiffHeat_1D,HeatTransfer
DiffHeat_1D_45,HeatTransfer
DiffHeat_1D_NoMotion,HeatTransfer
DiffHeat_1D_Periodic,HeatTransfer
DiffHeat_1D_Periodic_45,HeatTransfer
DiffHeat_1D_VoF,HeatTransfer
DiffHeat_2D,HeatTransfer
DiffHeat_2D_Sliding,HeatTransfer
DiffHeat_2D_Sliding_skew,HeatTransfer
DiffHeat_3D,HeatTransfer
DiffHeat_3D_FullConj,HeatTransfer
DiffHeat_3D_TConj,HeatTransfer
tube_diffusion_heattransfer,HeatTransfer
HeatBalNotCurve,HeatTransfer
tube_closed_stationar_method,HeatTransfer
Wave_without_energy_equation,HeatTransfer
Heat_H_water,HeatTransfer
IdealGas_HeatCons,HeatTransfer
IdealGas_MassCons,HeatTransfer
IdealGas_Pconst_Tvar_open,HeatTransfer
IdealGas_Tvar_closed,HeatTransfer
Carcass_water_heat_D_phase_volume_0_6,HeatTransfer
Carcass_water_heat_F_phase_volume_0_6,HeatTransfer
Water_heat_F_carcass_SZ,HeatTransfer
isochoric_heating,HeatTransfer
jet_support_Pr-t-Kays_L-t_r-0-1_ad1,HeatTransfer
LamTube_HeatFlux,HeatTransfer
LamTube_HeatFlux_F,HeatTransfer
LamTube_HeatFlux_F_45,HeatTransfer
LamTube_HeatFlux_F_OBL,HeatTransfer
LamTube_HeatFlux_F_Preiodic,HeatTransfer
LamTube_HeatFlux_He_Low_Re_1,HeatTransfer
LamTube_HeatFlux_He_Re_10,HeatTransfer
LamTube_HeatFlux_S_45,HeatTransfer
LamTube_T_F_Preiodic,HeatTransfer
LamTube_T_S,HeatTransfer
Mixer,HeatTransfer
Ball_NaturConvect,HeatTransfer
cylinder_natural_convection,HeatTransfer
Cylinder_NaturConvect,HeatTransfer
NaturConvect_2Spheres_S_Ra125,HeatTransfer
NaturConvect_2Spheres_S_Ra1e4,HeatTransfer
NaturConvect_2Spheres_S_Ra5e6,HeatTransfer
NaturConvect_RelayBenar_Ra3e5,HeatTransfer
NaturConvect_RelayBenar_Ra7e2,HeatTransfer
NaturConvect_RelayBenar_Ra7e3,HeatTransfer
NaturConvect_VertCavity_Ra200,HeatTransfer
NaturConvect_VertCavity_Ra5e4,HeatTransfer
NaturConvect_VertCavity_Ra5e6,HeatTransfer
NaturConvect_VertCavity_Ra5e6_KEAKN_cont,HeatTransfer
NaturConvect_VertCavity_Ra5e6_KEFV,HeatTransfer
NaturConvect_VertCavity_Ra5e6_KEQ,HeatTransfer
NaturConvect_VertCavity_Ra5e6_SA,HeatTransfer
NaturConvect_VertCavity_Ra5e6_SST,HeatTransfer
Plate_NaturConvect,HeatTransfer
Tube_NaturConvect,HeatTransfer
Piston_V1,HeatTransfer
Piston_V1_h,HeatTransfer
Piston_V1_isoterm,HeatTransfer
Piston_V1_thin,HeatTransfer
Piston_V1_thin_h,HeatTransfer
Piston_V1_thin_inclined,HeatTransfer
Plate_lam_conj_1,HeatTransfer
4Spheres,HeatTransfer
4Spheres_1Model,HeatTransfer
3DTableForInitialPres_CheckInterpol,IniConditions
3DTable_InletSpeed,IniConditions
Ablation_Carcass,IniConditions
Box_IniVoF,IniConditions
Box_IniVoF_mb,IniConditions
Disp_ini_cond,IniConditions
IniCond_Formula,IniConditions
IniCond_Multi,IniConditions
IniCond_KEAKN,IniConditions
IniCond_KEQ,IniConditions
IniCond_KES,IniConditions
IniCond_SA,IniConditions
IniCond_SST,IniConditions
IO_PhaseVolume,IniConditions
IO_PhaseVolume_2Phase,IniConditions
IO_PhaseVolume_MB,IniConditions
Masstransfer_turn_on,IniConditions
New_Scheme_Test5_1d,IniConditions
Plate_IniVelocity,IniConditions
Plate_IniVel_mb,IniConditions
S_Temp,IniConditions
S_Temp_MB,IniConditions
Turb_kes_turn_on,IniConditions
CompresDispErr1,Limiters
st_2DLimitersforerror,Limiters
TwoFluids,Limiters
TwoFluids_turb_lim,Limiters
Wave_limiter_vel,Limiters
Ablation_boiling_H2O,MassTransfer
Ablation_boiling_H2O_conjugate,MassTransfer
Ablation_boiling_H2O_conjugate_VOF,MassTransfer
Ablation_box_boiling_H2O_conjugate,MassTransfer
Ablation_box_sublimation_CO2_conjugate,MassTransfer
Ablation_chemistry_CO2,MassTransfer
Ablation_chemistry_CO2_conjugate,MassTransfer
Ablation_sublimation_C2,MassTransfer
Ablation_sublimation_C2_conjugate,MassTransfer
Ablation_sublimation_C2_conjugate_VOF,MassTransfer
Ablation_sublimation_C2_conjugate_VOF_Pill_2D_sector,MassTransfer
Ablation_sublimation_condensation_H2O,MassTransfer
Ablation_sublimation_condensation_H2O_conjugate,MassTransfer
Ablation_sublimation_H2O,MassTransfer
Ablation_sublimation_H2O_conjugate,MassTransfer
PlateChannel_Ablation_wall,MassTransfer
PlateChannel_Ablation_wall2,MassTransfer
Ablation_temp_error12448,MassTransfer
Arrenius_CH4_0_01,MassTransfer
Arrenius_CH4_0_05,MassTransfer
Arrenius_CH4_0_1,MassTransfer
Arrenius_CH4_without_combustion,MassTransfer
Arrenius_Magnussen_CH4_torch,MassTransfer
EDC_CH4_torch,MassTransfer
Magnusen_CH4_torch,MassTransfer
PSR_CH4_0_05_KEFV,MassTransfer
PSR_CH4_0_05_SST,MassTransfer
Zeldonich_CH4_0_05,MassTransfer
Zeldonich_H2,MassTransfer
Zeldovich_CH4_without_temp,MassTransfer
Combustion_0D_Arrenius_Alfa05,MassTransfer
Combustion_0D_Arrenius_Alfa1,MassTransfer
Combustion_0D_Arrenius_Alfa1_BigTign,MassTransfer
Combustion_0D_Arrenius_Alfa1_BigTign_Ignition,MassTransfer
Combustion_0D_Arrenius_Alfa1_Extinction,MassTransfer
Combustion_0D_Arrenius_Alfa2,MassTransfer
Combustion_0D_ArreniusMagnussen_Alfa05,MassTransfer
Combustion_0D_ArreniusMagnussen_Alfa1,MassTransfer
Combustion_0D_ArreniusMagnussen_Alfa1_BigTign,MassTransfer
Combustion_0D_ArreniusMagnussen_Alfa1_BTI,MassTransfer
Combustion_0D_ArreniusMagnussen_Alfa1_Extinction,MassTransfer
Combustion_0D_ArreniusMagnussen_Alfa2,MassTransfer
Combustion_0D_EDC_Alfa05,MassTransfer
Combustion_0D_EDC_Alfa1,MassTransfer
Combustion_0D_EDC_Alfa1_BigTign,MassTransfer
Combustion_0D_EDC_Alfa1_BigTign_Ignition,MassTransfer
Combustion_0D_EDC_Alfa1_Extinction,MassTransfer
Combustion_0D_EDC_Alfa2,MassTransfer
Combustion_0D_Magnussen_Alfa05,MassTransfer
Combustion_0D_Magnussen_Alfa1,MassTransfer
Combustion_0D_Magnussen_Alfa1_BigTign,MassTransfer
Combustion_0D_Magnussen_Alfa1_BigTign_Ignition,MassTransfer
Combustion_0D_Magnussen_Alfa1_Extinction,MassTransfer
Combustion_0D_Magnussen_Alfa2,MassTransfer
Combustion_0D_Zeldovich_Alfa05,MassTransfer
Combustion_0D_Zeldovich_Alfa1,MassTransfer
Combustion_0D_Zeldovich_Alfa1_BigTign,MassTransfer
Combustion_0D_Zeldovich_Alfa1_BigTign_Ignition,MassTransfer
Combustion_0D_Zeldovich_Alfa1_Extinction,MassTransfer
Combustion_0D_Zeldovich_Alfa2,MassTransfer
Combustion_0D_Alfa05,MassTransfer
Combustion_0D_Alfa1,MassTransfer
Combustion_0D_Alfa2,MassTransfer
DiffConv_1D,MassTransfer
DiffConv_1D_45,MassTransfer
DiffConv_1D_Arrenius,MassTransfer
DiffConv_1D_ArreniusMagnussen,MassTransfer
DiffConv_1D_DiffEnt,MassTransfer
DiffConv_1D_EDC,MassTransfer
DiffConv_1D_explicit_time_step,MassTransfer
DiffConv_1D_Magnussen,MassTransfer
DiffConv_1D_Periodic,MassTransfer
DiffConv_1D_Periodic_45,MassTransfer
DiffConv_2D,MassTransfer
DiffConv_3D,MassTransfer
ConvectiveMassTransfer_1D,MassTransfer
CUBE_with_Vapour_grid1,MassTransfer
Diff_1D,MassTransfer
Diff_1D_45,MassTransfer
Diff_1D_Arrhenius,MassTransfer
Diff_1D_Arrhenius_Magnussen,MassTransfer
Diff_1D_Chemistry,MassTransfer
Diff_1D_Chemistry_3_substance,MassTransfer
Diff_1D_Chemistry_matrix_solver,MassTransfer
Diff_1D_EDC,MassTransfer
Diff_1D_Magnussen,MassTransfer
Diff_1D_NoMotion,MassTransfer
Diff_1D_Periodic,MassTransfer
Diff_1D_Periodic_45,MassTransfer
Diff_1D_Periodic_Chemistry,MassTransfer
Diff_1D_Zeldovich,MassTransfer
Diff_2d,MassTransfer
Diff_2D_Sliding,MassTransfer
Diff_2D_Sliding_Chemistry,MassTransfer
Diff_3d,MassTransfer
Dissociation_N2_5000,MassTransfer
Dissociation_N2_5000_element,MassTransfer
Dissociation_N2_5000_matrix_solver,MassTransfer
Dissociation_N2_5000_one_reaction,MassTransfer
HeatConduct_avg_mass_mixture,MassTransfer
HeatConduct_avg_mol_mixture,MassTransfer
Heat_MC_avg_mixture,MassTransfer
HS_Ram_C_II_71_geom2_3_Polynom,MassTransfer
HS_Ram_C_II_MSolver,MassTransfer
HS_Ram_C_II_SSolver,MassTransfer
JIHT_conc,MassTransfer
m25_sst_v02_test1,MassTransfer
matrix_solver_RAM_C-II,MassTransfer
mix_p-grad,MassTransfer
Nu_avg_mass_mixture,MassTransfer
Nu_avg_mol_mixture,MassTransfer
Nu_Wilke_avg_mixture,MassTransfer
Recombination_N2_5000,MassTransfer
Recombination_N2_5000_elements1,MassTransfer
Recombination_N2_5000_matrix_solver,MassTransfer
ShmidtNumber_SolverFall,MassTransfer
Test_Dissociation_O2,MassTransfer
Test_Dissotiation_O2_Chemistry,MassTransfer
Test_Dissotiation_O2_Chemistry_Elements,MassTransfer
Test_Dissotiation_O2_Chemistry_Elements_Liquid,MassTransfer
Test_Dissotiation_O2_Chemistry_matrix_solver,MassTransfer
Test_RadDecay_Isotope,MassTransfer
U_tube_blood_thromb,MassTransfer
wall_conj_CubeHeat_turb_half_log_duffusion,MassTransfer
MBC_dual_test,MBC
MBC_test,MBC
Anisotropic_thermal_conductivity0,Modifiers
Anisotropic_thermal_conductivity_perpendicular100,Modifiers
Anisotropic_thermal_conductivity_perpendicularBC0,Modifiers
external_current,Modifiers
Ignition_extiniction,Modifiers
magnetic_induction_hartmann,Modifiers
Modifiers_2ResistanseAnisotropic_Box,Modifiers
Modifiers_Activation_ByStep,Modifiers
Modifiers_Activation_ByTime,Modifiers
Modifiers_Activation_Non,Modifiers
Modifiers_Anisotropic_Resistance_15,Modifiers
Modifiers_Anisotropic_Resistance_45,Modifiers
Modifiers_carcas_ThermalConductivity_Disp_Box45,Modifiers
Modifiers_carcas_ThermalConductivity_Disp_only_continuous_phase,Modifiers
Modifiers_carcas_ThermalConductivity_only_Disp_Box30,Modifiers
Modifiers_carcas_ThermalConductivity_only_Disp_Box45,Modifiers
Modifiers_Force,Modifiers
Modifiers_Force_Box,Modifiers
Modifiers_HeatSourse,Modifiers
Modifiers_HeatSourse_Box,Modifiers
Modifiers_Resistance,Modifiers
Modifiers_ResistanceAnysotropic_FullRegion,Modifiers
Modifiers_Resistance_Anysotripic_3Subs,Modifiers
Modifiers_Resistance_Anysotripic_n_Isotropic,Modifiers
Modifiers_Resistance_Box,Modifiers
Modifiers_SetVar,Modifiers
Modifiers_SetVar_Box,Modifiers
Modifiers_ThermalConductivity_2Modifiers,Modifiers
Modifiers_ThermalConductivity_Box0_5,Modifiers
Modifiers_ThermalConductivity_Box1,Modifiers
Modifiers_ThermalConductivity_Box2,Modifiers
Modifiers_ThermalConductivity_Box45_1,Modifiers
Modifiers_ThermalConductivity_Box45_1_iso,Modifiers
Modifiers_ThermalConductivity_Box45_2,Modifiers
Modifiers_ThermalConductivity_Box45_3_Standart,Modifiers
Modifiers_ThermalConductivity_Box45_3_SteadyState,Modifiers
Modifiers_ThermalConductivity_FullRegion1,Modifiers
Modifiers_ThermalConductivity_FullRegion2,Modifiers
Modifier_2Subregions_1phase,Modifiers
Modifier_HeatSource_repeat_error,Modifiers
open_space_3r_more_52Modifiers,Modifiers
resistance_darcy,Modifiers
test_OKBM,Modifiers
volume_force_convection,Modifiers
Yahta8_no-turb,Modifiers
Bearing_channel,Motion
Bearing_channel_gap,Motion
Bearing_channel_MB,Motion
Bearing_channel_MB_Gap,Motion
Bernulli_1d,Motion
Bernulli_2d,Motion
Bernulli_g_1d,Motion
Bernulli_g_1d_hst,Motion
Bernulli_g_2d,Motion
Bernulli_g_2d_hst,Motion
Column_liquid,Motion
Column_liquid_hst,Motion
CornerBottom_liquid,Motion
CornerBottom_liquid_hst,Motion
Hydro_column_2D,Motion
Couette,Motion
Couette_gap,Motion
Couette_heat,Motion
Couette_heat_gap,Motion
Cylinder_lam_heat_Re10,Motion
Cylinder_lam_heat_Re10_OBL,Motion
Cylinder_lam_Re100,Motion
Cylinder_lam_Re100_Fy_unsteady,Motion
Cylinder_lam_Re13,Motion
Cylinder_lam_Re15,Motion
Cylinder_lam_Re20,Motion
Cylinder_Re_6_5,Motion
Darcy_Darcy_conjugate,Motion
Darcy_grav_P_lam_tube_TEST,Motion
Darcy_grav_V_lam_tube_TEST,Motion
Darcy_NS_conjugate,Motion
Darcy_NS_conjugate_Matrix,Motion
Darcy_NS_conjugate_Resistance,Motion
Lam_tube_Darcy_TEST,Motion
4444,Motion
bac_g,Motion
Compressor_30901,Motion
CYL_BIF_Drops_PressOscill_LIKE_RRJ_NO_DROPS,Motion
Darcy_anisotropic_conductivity,Motion
Darcy_Modifiers_Resistance,Motion
Different_mass_flows_err,Motion
GoodYear_channel_new_small_real_cell_1640,Motion
grid01_10_2DInvestigation,Motion
NewScheme_test,Motion
Nonreflect,Motion
rkk-simplest,Motion
Rubber_extruder_2D_2Phases,Motion
Sektor1_T_conv,Motion
Support_0_asperity_slip_ReD_150_norm_scale_visc,Motion
Laminar_Ball,Motion
Lam_PlateJet,Motion
CoaxTubes_2,Motion
CoaxTubes_2_Gap,Motion
CoaxTubes_360,Motion
CoaxTubes_360_Gap,Motion
EllipsTube_90,Motion
LamTube_NonNewton_GB,Motion
LamTube_Rotate,Motion
PrismTube_360,Motion
Tube_Lam,Motion
MovingWall,Motion
MovingWall_30,Motion
MovingWall_NN_BC,Motion
MovingWall_NN_BC_Chemistry,Motion
MovingWall_NN_HB,Motion
MovingWall_NN_PL,Motion
Avalanch_noVOF_angle0_mesh3400,Motion
Avalanch_noVOF_angle30_mesh3400,Motion
Avalanch_withVOF_angle30_mesh5998,Motion
Rubber_Extruder_Kenda_good,Motion
tube_veryviscouse_2phase,Motion
Mach_number_nonideal_gas,Motion
nozzle40-70-conv,Motion
Nozzle_h,Motion
Nozzle_Subsonic,Motion
Nozzle_Supersonic,Motion
nozzle_test0_VOF,Motion
Nozzle_Transsonic,Motion
Nozzle_Transsonic_density_function,Motion
Oscillating_Lid_Re_1000_w_01pi,Motion
Oscillating_Lid_Re_1000_w_pi,Motion
Oscillating_Lid_Re_500_w_01pi,Motion
Oscillating_Lid_Re_500_w_pi,Motion
PlateChannel,Motion
PlateChannel_45,Motion
PlateChannel_45_Gap,Motion
PlateChannel_Gap,Motion
Plate_Channel_big_viscosity,Motion
Plate_Lam_15,Motion
Plate_Lam_2por,Motion
Plate_Lam_M06,Motion
Plate_Lam_M06_vector_Shear_stress,Motion
Plate_Lam_M3,Motion
Plate_Lam_OBL,Motion
Plate_Lam_OBL_15,Motion
Plate_Lam_sin,Motion
RealGasMachTest,Motion
Frozen_Rotor_0_volumeflow,Motion
frund(4_01)_ux9uy1uz9jz10,Motion
IncludeCylinders,Motion
IncludeCylinders_OffCenter,Motion
p_6-10-3_7smLt_Compressible,Motion
Ring_adapt,Motion
Ring_Rotation_Axial_Moving,Motion
RotCyl_Int,Motion
RotCyl_Int_Periodic,Motion
Rot_adapt,Motion
Rot_Cyl_Garmonica,Motion
Rot_Cyl_Int_formula,Motion
Rot_Cyl_int_table,Motion
Vent_sect_5cfl,Motion
Stokes_middle_visc_0_motion_NO_skew_2D,Motion
IncidentShock,Motion
Klin_2por,Motion
Klin_Big,Motion
NormalShock,Motion
PrandtlMayer,Motion
SphereM11,Motion
SphereM11_OBL,Motion
Shpere_M11,Motion
Box2_in_PartedDomain,MovingBodies
Box_in_PartedDomain,MovingBodies
Box_in_UnitedDonain,MovingBodies
Box_MB,MovingBodies
Colimn_mb_309_1,MovingBodies
CrossingGrid,MovingBodies
Cylinder_in_water,MovingBodies
Cylinder_in_water_2Phase,MovingBodies
DVS_Surf_temp_error,MovingBodies
FallingBall_1,MovingBodies
FallingBall_1_continuous,MovingBodies
FallingBall_1_continuous_Press_Extropolation,MovingBodies
FallingBall_CV,MovingBodies
falling_ball_g,MovingBodies
FloatingBox,MovingBodies
FloatingBox_2d,MovingBodies
FloatingBox_2Phases,MovingBodies
Falling_ball_limiters_inclined_plane,MovingBodies
Falling_ball_limiters_plane,MovingBodies
Falling_ball_limiters_point,MovingBodies
Falling_ball_limiters_point_inside_box,MovingBodies
Falling_ball_limiters_point_inside_box2,MovingBodies
kirpich_stest,MovingBodies
limiter_body_above_plane,MovingBodies
MovingBox_Fy_2d,MovingBodies
MovingBox_ky_2d,MovingBodies
MovingBox_Vy_2d,MovingBodies
Moving_Ball,MovingBodies
Moving_Ball_Fy,MovingBodies
Moving_body_crossing_region_with_model,MovingBodies
Moving_body_crossing_TConj,MovingBodies
Moving_body_cross_region_without_model,MovingBodies
moving_body_insert,MovingBodies
No_Rotation_with_0_moments,MovingBodies
Pendulum,MovingBodies
Penundulum_g,MovingBodies
RotatingBulk_InFlow,MovingBodies
RotatingBulk_mg_2d,MovingBodies
RotatingBulk_mg_hydro_2d,MovingBodies
RotatingBulk_Mz_2d,MovingBodies
RotatingBulk_w_2d,MovingBodies
rotation_1,MovingBodies
Sphere_in_water_wall,MovingBodies
Sphere_in_water_wall_2Phase,MovingBodies
test_fluct_Mz,MovingBodies
with_and_without_flexibility_compare,MovingBodies
With_Flex_Mob,MovingBodies
Apply_plugin_data_tire_template_3,Plugins
Apply_plugin_data_tire_template_4,Plugins
1D_Radiation_Turbid,Radiation
Ablation_radiation_fall,Radiation
1Box_1Model_R,Radiation
1Box_1Model_R_Gap,Radiation
2Boxes_2Models_RC,Radiation
3Boxes_3Models_CRC,Radiation
3Boxes_3Models_CRC_Gap,Radiation
3Boxes_3Models_RRR,Radiation
3Boxes_3Models_RRR_Gap,Radiation
lambda309,Radiation
Gas-Gas-Heat,Radiation
gas-solid,Radiation
Gas-Solid_SP,Radiation
MDO_Gap,Radiation
MDO_Gap_SP,Radiation
MDO_Periodic_Lamps,Radiation
MDO_PointSource_BC_Test,Radiation
MDO_PointSource_BC_Test_Sp,Radiation
RadiationHeat_DO,Radiation
RadiationHeat_DO_SP,Radiation
Radiation_D0,Radiation
Radiation_DO_SP,Radiation
Test_Cub_Rot,Radiation
Test_Cub_Rot_Sp,Radiation
radiation_densety_graph,Radiation
radiation_lambda309,Radiation
radiation_lambda309_skew,Radiation
planes-conj_RHT_lambda-2,Radiation
planes_RHT,Radiation
planes_RHT_a-0-1,Radiation
planes_RHT_a-2,Radiation
planes_RHT_lambda,Radiation
planes_RHT_lambda-2,Radiation
planes_RHT_lambda_z-less,Radiation
planes_RHT_lambda_z-less_a-10,Radiation
planes_RHT_lambda_z-less_a-10_eps-0-1,Radiation
planes_RHT_lambda_z-less_a-10_eps-0-5,Radiation
planes_test-Zigel_N-0,Radiation
planes_test-Zigel_N-0-01,Radiation
planes_test-Zigel_N-0-1,Radiation
planes_test-Zigel_N-1,Radiation
solid-gas,Radiation
solid-gas_a-0,Radiation
solid-gas_Jw-conj,Radiation
solid-gas_no-rad,Radiation
Radiation_steady_state,Radiation
Rad_energy_flux,Radiation
Smoothing_of_diffusion_flows,Radiation
1Sphere_1Model_R,Radiation
1Sphere_1Model_R_Gap,Radiation
2Spheres_2Models_RC,Radiation
4Spheres_3Models_CRC,Radiation
4Spheres_3Models_CRC_Gap,Radiation
Tube_Turb_KES_S_roughness,Roughness
Tube_Turb_KES_S_roughness_FVWF,Roughness
Tube_Turb_KES_S_roughness_FVWF_f(X),Roughness
Tube_Turb_KES_S_roughness_FVWF_table,Roughness
Tube_Turb_SST_S_roughness,Roughness
Bearing_channel,StartStopSaveLoad
Bearing_channel_gap,StartStopSaveLoad
Sektor_opti,StartStopSaveLoad
COPY106_5,StartStopSaveLoad
COPY106_5_skew,StartStopSaveLoad
FloatingBox_load,StartStopSaveLoad
FreeJet_load,StartStopSaveLoad
Layer_loss,StartStopSaveLoad
Loading_project_with_layer_Load_in_nodes,StartStopSaveLoad
NACA_move,StartStopSaveLoad
part2_impobjrasadapt_movingbody,StartStopSaveLoad
part2_impobj_doadapt,StartStopSaveLoad
Periodic_load,StartStopSaveLoad
rae_for_test,StartStopSaveLoad
Replacing_MPI_Error,StartStopSaveLoad
Restart_in_the_new_mode,StartStopSaveLoad
RotorSector_load,StartStopSaveLoad
RotorStator_peregruppirovka,StartStopSaveLoad
RotorStator2Groups,StartStopSaveLoad
sliding_load,StartStopSaveLoad
suho_v1,StartStopSaveLoad
testing_g5_load,StartStopSaveLoad
test_2_02082013,StartStopSaveLoad
Twin_Fans_Heatsink_Problem_with_streamline,StartStopSaveLoad
Weir_load,StartStopSaveLoad
SaveAuto,StartStopSaveLoad
SaveByIter,StartStopSaveLoad
SaveByIter0,StartStopSaveLoad
SaveByIter1,StartStopSaveLoad
SaveByTime,StartStopSaveLoad
SaveByTime0,StartStopSaveLoad
SaveByTime200,StartStopSaveLoad
SaveHistory,StartStopSaveLoad
5000Iter,StartStopSaveLoad
AL31_5,StartStopSaveLoad
Bak_skew,StartStopSaveLoad
Chemestri_init_mass_ftacrion_fail,StartStopSaveLoad
Compressor,StartStopSaveLoad
cond_by_COORD_X,StartStopSaveLoad
Different_time_coefficients,StartStopSaveLoad
Drops_diam_error,StartStopSaveLoad
err_2,StartStopSaveLoad
hyper309fs_error,StartStopSaveLoad
Hyper_full_task_sup_out,StartStopSaveLoad
import_object_reload_geom,StartStopSaveLoad
lam_tube_31301,StartStopSaveLoad
Launch_to_continue,StartStopSaveLoad
NASA_stage37_skew,StartStopSaveLoad
Natur_Convert_skew,StartStopSaveLoad
NN_MPI_fall,StartStopSaveLoad
Nozzle_Transsonic_table_density,StartStopSaveLoad
OBL_ball_test,StartStopSaveLoad
OBL_RAE_Start_Stop,StartStopSaveLoad
open_space_3r,StartStopSaveLoad
Rotor_Stator_OBL,StartStopSaveLoad
Rubber_Extruder_2D,StartStopSaveLoad
Rubber_Extruder_GY_3D,StartStopSaveLoad
SS_STARTSOLVE_3_OBL,StartStopSaveLoad
Start1,StartStopSaveLoad
Start3,StartStopSaveLoad
Start7,StartStopSaveLoad
Start_0,StartStopSaveLoad
Start_8,StartStopSaveLoad
Start_ChangeModel,StartStopSaveLoad
Start_Hundai,StartStopSaveLoad
Start_M2,StartStopSaveLoad
Start_M2_H,StartStopSaveLoad
Start_M4,StartStopSaveLoad
Start_S,StartStopSaveLoad
Start_S_H,StartStopSaveLoad
TubeLam_test_OBL,StartStopSaveLoad
Icing_naca_own_steps,StartStopSaveLoad
Lam_tube_own_steps,StartStopSaveLoad
stop_condition,StartStopSaveLoad
2tubes,Subregions
3Box_2m_FSF,Subregions
3Box_2m_FSF_skew,Subregions
3Box_2m_SFS,Subregions
AMD-3-water,Subregions
conj_lamtube_1model_1phase,Subregions
FullConj_Liquid,Subregions
FullConJ_Liquid_VoF,Subregions
FullConj_Solid,Subregions
pine_full_conjugation,Subregions
binding_example_1,Subregions
china_01,Subregions
Disk_periodic_surface,Subregions
NCV_setka_11_G07_2,Subregions
Periodic_no_fall,Subregions
Rotor_67_Peak_Efficiency,Subregions
Rotor_sector_Shear_stress,Subregions
periodic_fall,Subregions
Periodic_Liquid,Subregions
Periodic_MB_DP_0,Subregions
Periodic_MB_DP_1000,Subregions
Periodic_Solid,Subregions
Preiodic_Massflowcons,Subregions
propeller_1,Subregions
RotorSector,Subregions
test_cfx,Subregions
10074_t3_30901,Subregions
box_insert_sliding,Subregions
Enthalpy_sliding_error,Subregions
half_14_old_slide_init_set,Subregions
Kuznetsov_slide05cfl,Subregions
RotorStator_continue,Subregions
RotorStator_ShearStress,Subregions
Rotor_Stator_frozen,Subregions
Rotor_Stator_frozen_skew,Subregions
Screw_sliding,Subregions
Slide_easy,Subregions
Slide_easy_frozen,Subregions
Slide_TSR_2_15_OBL,Subregions
sliding-changed-mach-model,Subregions
Sliding_const_vel,Subregions
Sliding_Liquid,Subregions
Sliding_Liquid_Cong_frozen,Subregions
Sliding_Liquid_frozen,Subregions
Sliding_Liquin_Cong,Subregions
Sliding_Solid,Subregions
Sliding_Solid_frozen,Subregions
sliding_surface_325_step,Subregions
NASA_stage37_KES_Autorotation,Subregions
160801_makim_sliding_wall_function_test1,Subregions
2d_sliding_mesh_SM,Subregions
Sector_sliding_shear_stress,Subregions
Sektor_GDT_01,Subregions
Sliding_2D,Subregions
Tube_Turb_KES_SS2,Subregions
Tube_turb_KEAKN_FR2_2,Subregions
Tube_turb_KEQ_FR2_2,Subregions
Tube_turb_KES_FR2_2,Subregions
Tube_turb_SA_FR2_2,Subregions
Tube_turb_SST_FR2_2,Subregions
Tube_turb_KEAKN_SS2_2,Subregions
Tube_turb_KEQ_SS2_2,Subregions
Tube_turb_KES_SS2_2,Subregions
Tube_turb_SA_SS2_2,Subregions
Tube_turb_SA_SS2_2_multi_substance,Subregions
Tube_turb_SST_SS2_2,Subregions
sektor_ulitka_Max_Velocity,Subregions
2Sub_1Phas_1Mod_4Sub,Subregions
2Sub_1Phas_2Mod_4Sub,Subregions
2Sub_1Phas_4Mod_4Sub,Subregions
2Sub_2Phas_2Mod_4Sub,Subregions
2Sub_4Phas_4Mod_4Sub,Subregions
4Sub_4Phas_2Mod_4Sub,Subregions
8Sub_4Phas_4Mod_4Sub,Subregions
FSW2Subreg_rotation_vel,Subregions
pine_Tl_conjugation,Subregions
Shear_stress_vector_conj,Subregions
TConj_Solid_Fluid,Subregions
TConj_Solid_Fluid_1phase,Subregions
TConj_Solid_Fluid_2phases,Subregions
TConj_Solid_Fluid_Wall_heat_transffer_coef,Subregions
density_switch_controller,Substances
DRhoDPDiff,Substances
Droplets_Mass_Energy_Balances_expl,Substances
Droplets_Mass_Energy_Balances_impl,Substances
Drops_BC,Substances
Drops_HB,Substances
Drops_PL,Substances
Drops_polinom_gas_T200,Substances
Drops_polinom_solid_T200,Substances
F_mu_Cp_gas_T200,Substances
F_mu_Cp_liquid_T200,Substances
Polinom_gas_Blottner1,Substances
Polinom_gas_T200,Substances
Polinom_liquid_T200,Substances
Polinom_solid_T200,Substances
Properties_particles_base,Substances
Properties_particles_Cp_table,Substances
Properties_particles_Rho_formula,Substances
Properties_particles_Rho_table,Substances
Properties_polinim_enthalpy1,Substances
Properties_polinom_enthalpy,Substances
Properties_polinom_enthalpy2,Substances
Rubber_Mixer_Bird-Carreau_Law,Substances
Rubber_Mixer_Herschel-Bulkley_Law,Substances
Rubber_Mixer_Power_Law,Substances
Ruber_Mixer_BC_f(mu_Cp),Substances
BackStep_KE,Turbulence
BackStep_KEQ,Turbulence
BackStep_KEQ_bradshaw,Turbulence
BackStep_KE_bradshaw,Turbulence
BackStep_LowKE,Turbulence
BackStep_LowKE_bradshaw,Turbulence
BackStep_SST,Turbulence
BentPipe_round_Re1e6_2por,Turbulence
Box_test,Turbulence
Cone_M01_KEN,Turbulence
Cone_M01_KES,Turbulence
Cone_M01_SA,Turbulence
Cone_M01_SST,Turbulence
Cone_M03_KEN,Turbulence
Cone_M03_KES,Turbulence
Cone_M03_SA,Turbulence
Cone_M03_SST,Turbulence
Cone_M06_KEN,Turbulence
Cone_M06_KES,Turbulence
Cone_M06_SA,Turbulence
Cone_M06_SST,Turbulence
Cone_M08_KEN,Turbulence
Cone_M08_KES,Turbulence
Cone_M08_SA,Turbulence
Cone_M08_SST,Turbulence
Cone_M09_KEN,Turbulence
Cone_M09_KES,Turbulence
Cone_M09_SA,Turbulence
Cone_M09_SST,Turbulence
Cone_M10_KEN,Turbulence
Cone_M10_KES,Turbulence
Cone_M10_SA,Turbulence
Cone_M10_SST,Turbulence
Cone_M13_KEN,Turbulence
Cone_M13_KES,Turbulence
Cone_M13_SA,Turbulence
Cone_M13_SST,Turbulence
Cone_M20_KEN,Turbulence
Cone_M20_KES,Turbulence
Cone_M20_SA,Turbulence
Cone_M20_SST,Turbulence
2D_RSD49_0_4880iter,Turbulence
conn_2_turbmodel,Turbulence
conn_2_turbmodel_KEQ,Turbulence
conn_2_turb_model_KES_SA,Turbulence
conn_2_turb_model_KES_SST,Turbulence
Cyl_Pgrad,Turbulence
incorrect_Yplus,Turbulence
KEFV_not_symmetry,Turbulence
SST_explicit_err,Turbulence
Test_turb_viscosity_2D,Turbulence
Wedge_supersonic_inlet,Turbulence
SSJSSTERR,Turbulence
MBDA_fv_support,Turbulence
NACA012_3deg_KES,Turbulence
NACA012_3deg_KES_continue,Turbulence
NACA_10deg_KES_continue,Turbulence
NACA_10deg_SA_continue,Turbulence
NACA_10deg_SA_impl_new_vel_cor,Turbulence
NACA_10deg_SST_continue,Turbulence
NACA_10_deg_SA_OBL_continue,Turbulence
NACA_3deg_KES_continue,Turbulence
NACA_3deg_SA_continue,Turbulence
NACA_3deg_SST_simple_cont,Turbulence
NACA_KEAKN_short,Turbulence
NACA_KEQ_short,Turbulence
NACA_KES_short,Turbulence
NACA_SA_short,Turbulence
NACA_SA_short_grad_with_vel,Turbulence
NACA_SST_short,Turbulence
NACA_trans_3_KES_continue,Turbulence
NACA_trans_3_SA_continue,Turbulence
NACA_trans_3_short_OBL,Turbulence
NACA_trans_3_SST_continue,Turbulence
PlateValve_2por,Turbulence
cylinder_e6_KEFV,Turbulence
cylinder_e6_KES,Turbulence
cylinder_e6_SA,Turbulence
cylinder_e6_SST,Turbulence
Cylinder_turb_1e4_1e7_KEFV,Turbulence
Cylinder_turb_1e4_1e7_KES,Turbulence
Cylinder_turb_1e4_1e7_SA,Turbulence
Cylinder_turb_1e4_1e7_SST,Turbulence
Cylinder_turb_1e7_KEAKN,Turbulence
Cylinder_turb_1e7_KEFV,Turbulence
Cylinder_turb_1e7_KEQ,Turbulence
Cylinder_turb_1e7_KES,Turbulence
Cylinder_turb_1e7_KES_Bradshaw,Turbulence
Cylinder_turb_1e7_KES_nonequilibrium,Turbulence
Cylinder_turb_1e7_KES_small_background,Turbulence
Cylinder_turb_1e7_KES_WFS,Turbulence
Cylinder_turb_1e7_SA,Turbulence
Cylinder_turb_1e7_SM,Turbulence
Cylinder_turb_1e7_SST,Turbulence
Transition_T3A_SST_noWF,Turbulence
Plate_Turb_M06_KEAKN,Turbulence
Plate_Turb_M06_KEAKN,Turbulence
Plate_Turb_M06_KEAKN_skew,Turbulence
Plate_Turb_M06_KEQ,Turbulence
Plate_Turb_M06_KEQ_bradshaw,Turbulence
Plate_Turb_M06_KES,Turbulence
Plate_Turb_M06_KES_bradshaw,Turbulence
Plate_Turb_M06_KES_Sheare_stress_vector,Turbulence
Plate_Turb_M06_SA,Turbulence
Plate_Turb_M06_SST,Turbulence
Plate_Turb_M3_KEAKN,Turbulence
Plate_Turb_M3_KEQ,Turbulence
Plate_Turb_M3_KES,Turbulence
Plate_Turb_M3_SA,Turbulence
Plate_Turb_M3_SST,Turbulence
Plate_Turb_k-e,Turbulence
Plate_Turb_k-e_OBL,Turbulence
Plate_Turb_k-e_OBL_bradshaw,Turbulence
Plate_Turb_K-E_prPe_05,Turbulence
Plate_Turb_k-e_variation_of_properties,Turbulence
Plate_Turb_KEAKN,Turbulence
Plate_Turb_KEAKN_15deg,Turbulence
Plate_Turb_KEAKN_15deg_smooth,Turbulence
Plate_Turb_KEAKN_OBL,Turbulence
Plate_Turb_KEFV,Turbulence
Plate_Turb_KEQ,Turbulence
Plate_Turb_KEQ_15deg,Turbulence
Plate_Turb_KEQ_15deg_smooth,Turbulence
Plate_Turb_KEQ_adaptation,Turbulence
Plate_Turb_KEQ_OBL,Turbulence
Plate_Turb_ke_15deg,Turbulence
Plate_Turb_ke_15deg_smooth,Turbulence
Plate_Turb_ke_y10,Turbulence
Plate_Turb_ke_y200,Turbulence
Plate_Turb_KOLOKOL,Turbulence
Plate_Turb_SA,Turbulence
Plate_Turb_SA_15deg,Turbulence
Plate_Turb_SA_15deg_smooth,Turbulence
Plate_Turb_SA_adaptation,Turbulence
Plate_Turb_SA_OBL,Turbulence
Plate_Turb_SST,Turbulence
Plate_Turb_SST_15deg,Turbulence
Plate_Turb_SST_15deg_smooth,Turbulence
Plate_Turb_SST_adaptation,Turbulence
Plate_Turb_SST_OBL,Turbulence
Plate_Turb_SST_y200,Turbulence
Turb_Plate_He,Turbulence
Tube_turb_k-e,Turbulence
Tube_Turb_k-e_45,Turbulence
Tube_Turb_k-e_45_smooth,Turbulence
Tube_turb_k-e_extended,Turbulence
Tube_Turb_ke_45,Turbulence
Tube_Turb_LowRe,Turbulence
Tube_Turb_SA,Turbulence
Tube_Turb_SA_extended,Turbulence
Tube_Turb_SST,Turbulence
Tube_Turb_SST_extended,Turbulence
Tube_Turb_KEL_S,Turbulence
Tube_Turb_KEQ_S,Turbulence
Tube_Turb_KES_S,Turbulence
Tube_Turb_SA_S,Turbulence
Tube_Turb_SST_S,Turbulence
Turbe_tube_KEAKN_NOWF_S,Turbulence
test-LMS_tube-cooling_2D_G21,Turbulence
test-LMS_teflu_forced-jet,Turbulence
Tube_Turb_HF_KTET_KES_AKN,Turbulence
Tube_Turb_HF_KTET_KES_LMS,Turbulence
Tube_Turb_HF_KTET_KES_SS,Turbulence
Turb_Tube_He,Turbulence
BackwardFacingStep,tutorial
Bak,tutorial
Boat,tutorial
Box,tutorial
Compressor,tutorial
Conduct,tutorial
Conjugate_Convection,tutorial
Conjugate_Convection_TConnect,tutorial
Cylinder_lam,tutorial
DielPlates,tutorial
Dissociation_N2,tutorial
Drops,tutorial
Falling_ball,tutorial
FloatingBox,tutorial
ForceConvection,tutorial
FreeJet,tutorial
Gap_Channel,tutorial
Isotope,tutorial
Lam_tube,tutorial
Mixture,tutorial
NACA0012_opt,tutorial
Natur_Convect,tutorial
Oil,tutorial
Plate,tutorial
Radiation,tutorial
Rotor,tutorial
RotorSector,tutorial
RotorStator,tutorial
Tube_turb,tutorial
Tube_VarMassFlow,tutorial
TwoFluids,tutorial
Two_Valve_Channels,tutorial
Valve_Channel,tutorial
Wave,tutorial
Wedge,tutorial
Combustion,tutorial
Icing_naca012_step1,tutorial
Icing_naca012_step2,tutorial
Lamp,tutorial
NACA0012_3deg,tutorial
NASA_stage37,tutorial
Nozzle,tutorial
RAE_2822,tutorial
Sphere,tutorial
Mixer,UserFunction
Advanced_formula_editor,UserFunction
calculation,UserFunction
calculator_order_of_operations,UserFunction
Calc_func_prev_prevvec,UserFunction
Calc_prev_func_mass_flow,UserFunction
Compressor_right_ch,UserFunction
Constants,UserFunction
formula_editor_test_project_Arifmetic,UserFunction
formula_editor_test_project_Exponential,UserFunction
formula_editor_test_project_Hyperbolic,UserFunction
formula_editor_test_project_Logic,UserFunction
formula_editor_test_project_Special,UserFunction
formula_editor_test_project_Statistic,UserFunction
formula_editor_test_project_Trigonometric,UserFunction
Grad_of_variable,UserFunction
IgnoreBC,UserFunction
p0_lam_tube,UserFunction
Press_Center,UserFunction
Q-criterion1,UserFunction
Q-criterion2,UserFunction
Random_function,UserFunction
Reference_values,UserFunction
Rot_of_variable,UserFunction
Rot_of_variable2,UserFunction
Rot_of_variable_VI,UserFunction
Rot_of_Variable_VI2,UserFunction
S-criterion0,UserFunction
S-criterion1,UserFunction
S-criterion2,UserFunction
S-criterion3,UserFunction
S-criterion_second_degree,UserFunction
Test_defined_on_wave,UserFunction
W-criterion1,UserFunction
W-criterion2,UserFunction
W-criterion3,UserFunction
W-criterion4,UserFunction
10_1_Piston_V1,VerificationTests
11_1_Nozzle_Subsonic,VerificationTests
11_2_Nozzle_Supersonic,VerificationTests
11_3_Nozzle_Transsonic,VerificationTests
12_1_IncidentShock,VerificationTests
13_1_Shpere_M11,VerificationTests
14_1_FreeJet,VerificationTests
15_1_Bak,VerificationTests
16_1_Weir,VerificationTests
17_1_Pendulum,VerificationTests
18_1_FallingBall_1,VerificationTests
19_1_Ahmed_Body,VerificationTests
1_1_Plate_Lam_2por_31202,VerificationTests
1_2_Plate_lam_conj_1_31202,VerificationTests
2_1_Bearing_channel_31202,VerificationTests
2_2_Bearing_channel_gap_31202,VerificationTests
3_1_Couette_heat,VerificationTests
3_2_Couette_heat_gap,VerificationTests
4_1_Ring_31202,VerificationTests
5_1_LamTube_HeatFlux,VerificationTests
6_1_Plate_Turb_ke_y42,VerificationTests
7_1_BackStep_KE,VerificationTests
7_2_BackStep_KEQ,VerificationTests
7_3_BackStep_LowKE,VerificationTests
7_4_BackStep_SST,VerificationTests
8_1_Plate_NaturConvect_31202,VerificationTests
9_1_4Spheres,VerificationTests
0_surface_supergroup,Vizu
23052016_detailed_Cp,Vizu
averaging_residuals,Vizu
bc_sliding2_ku,Vizu
Boxes,Vizu
box_layers,Vizu
Building_streamLines_space,Vizu
cell_debug_chips,Vizu
clearance_view_0,Vizu
contoursOnimp_obj,Vizu
dana_bez,Vizu
dc_export_error,Vizu
Distanse_to_wall_fall,Vizu
DistributedCharacteristics,Vizu
emitter_12_24_16_small_pred_238_cfl_full,Vizu
Enthalpy_tot_sensor_error,Vizu
lAM_TUBE_ank_fall,Vizu
Mass_with_empty_variable,Vizu
Memory_overflow,Vizu
model-1_Tini-147C_VizuVectros,Vizu
model-conj_VoF_30804,Vizu
NACA0012_T_stagation_drho_dp,Vizu
NACA0012_T_stagnation_f(pt),Vizu
NACA0012_T_stagnation_table(pt),Vizu
NASA_stage37_autotest_copy,Vizu
NormalVarTest,Vizu
Outlet_in_and_out_Temp_Char,Vizu
Outlet_mass_velocity_Temp_Char,Vizu
Outlet_Temp_Char,Vizu
Sensors_charac_noparam,Vizu
Sensors_moving_test,Vizu
Sensors_test,Vizu
Standard_and_standart_mass_deviation,Vizu
Standard_deviation,Vizu
surface_streamline_layer,Vizu
Tconj_plot_on_curve_2phase,Vizu
tube_surf-dispers,Vizu
vectors_on_supergroup_NASA_stage37,Vizu
Vis_dependent_variables,Vizu
Wave_1Phase_Vizu_VoF,Vizu
Wave_2Phases_Vizu_VoF,Vizu
